Partner_Description,Hiscox_COB,full_industry_code
Accounting & Auditing,Accounting,54121100_13201100_01000000
Accounting School,OOA,0
Actuarial Services,Actuarial services,52429800_15201100_00000000
Acupuncturist,Acupuncture services,62139900_29129100_02000000
Administrative Support Service,Office administrative services,56111000_43601000_00000000
Adoption Agency,OOA,0
Adult Shelters / Transitional Housing,OOA,0
Aesthetician / Esthetician,Esthetician services,81211200_39509400_00000000
After-School Youth Program,OOA,0
Agricultural Consulting,Environmental consulting,54162000_13111100_00000000
Air Duct Cleaning,HVAC contractor,23822000_49902100_03000000
Air Traffic Control,OOA,0
Air Transportation,OOA,0
Airport Operations,OOA,0
"Alarm, Stereo or Navigational System",OOA,0
Alumni Association (Non Profit),Alumni non profit,81341000_11203300_00000000
Ambulance Services,OOA,0
Ambulatory Surgery Center,OOA,0
American Indian and Alaska Native Tribal Governments,OOA,0
Ammunition (except Small Arms) Manufacturing,OOA,0
Amusement and Theme Parks,OOA,0
Animal Aquaculture,OOA,0
Animal Shelter / Kennel,OOA,0
Answering Service,Answering/paging services,56142100_43201100_00000000
Antiques Store,Used Merchandise Stores,45331000_11101100_00000000
"Appliance Installation, Repair – Commercial",Appliance and accessories installation and repair,81141200_49909900_00000000
"Appliance Installation, Repair – Residential",Appliance and accessories installation and repair,81141200_49909900_00000000
Appliance Stores,Appliance/electronic stores,44314100_11101100_00000001
Application Service Provider,Application service provider,51821000_13119900_01000000
Appraiser / Antiques and Art Valuer / Equipment Appraiser,OOA,0
Appraiser / Auto,OOA,0
Appraiser / Personal Property,OOA,0
Apprenticeship Training,OOA,0
Aquarium Cleaning & Maintenance,OOA,0
Arcades,OOA,0
Architects,Architecture,54131000_17101100_00000000
Armored Car Services,OOA,0
Art Therapist,Art therapy,62134000_29112500_01000000
"Art, Hobby or Party Supplies Store",Hobby Supply Stores,45399800_11101100_00000005
"Art, Pictures or Posters Store","Art, Picture, & Poster Stores",44229900_11101100_00000001
Artists Supplies & Picture Frames Distributor,OOA,0
Athletic Footwear Store,Athletic Footwear Stores,44815000_11101100_00000001
Athletic Trainer,Personal training (health and fitness),61169900_29909100_01000000
Auctioneer,Auctioneering,45439000_41909900_00000000
Audiologist,Audiology,62134000_29118100_00000000
Audit Service – Non-Financial,OOA,0
Author,OOA,0
Auto Body Shop,OOA,0
Auto Detailing,OOA,0
Auto Dismantling / Salvage,OOA,0
Auto Hauler,OOA,0
Auto Painting with UL / NFPA approved spray booth,OOA,0
Auto Painting without UL / NFPA approved spray booth,OOA,0
Auto Parts & Supplies Distributor,OOA,0
Auto Parts Store,Automotive Parts & Accessories Stores,44131000_11101100_00000000
Auto Repair,OOA,0
Automotive Exhaust System Repair,OOA,0
Background Check / Screening Service,OOA,0
Bagel Shop,Bagel Shops,72251500_11101100_01000000
Bakery,Bakery shops,72251300_51301100_00000000
Bakery Distributor with cooking,OOA,0
Bakery Distributor without cooking,OOA,0
Balloon Art,Artists,71151000_27101000_00000000
Banquet Hall,OOA,0
Bar / Tavern,OOA,0
Barber & Beauty Supplies Distributor,OOA,0
Barber Shops,Barber/hair stylist services,81211100_39501100_00000000
"Beauty, Cosmetology, Hair Dressing or Barber School",Barber/beauty/cosmetology schools,61151100_39500000_00000000
Bed & Bath Linens Distributor,OOA,0
Beekeeping,OOA,0
"Beer, Liquor & Wine Store",Beverage Store - Beer and Wine,44531000_11101100_00000000
Behavior Analyst,Mental health counseling,62133000_21101400_00000000
Benefit Plan Consulting,OOA,0
Beverage Distributor – Alcoholic,OOA,0
Beverage Distributor – Non-Alcoholic,OOA,0
Bicycle Stores,OOA,0
Billiard Hall,OOA,0
Billing Service,Office administrative services,56111000_43601000_00000000
Bistro,OOA,0
Black Car Service,OOA,0
Blind / Window Shades Store,Window Treatment Stores,44229100_11101100_00000002
Boat Dealers,OOA,0
Boats – Other Than Jet Skis Dealer,OOA,0
Bookkeepers,Bookkeeping,54121900_43303100_00000000
Books & Magazines Distributor,OOA,0
Botanical Gardens / Horticulture Societies,OOA,0
Bowling Lane,OOA,0
Brake Install / Repair,OOA,0
"Brass, Copper & Pewter Specialty Items Distributor",OOA,0
Breweries,OOA,0
Brewpub,OOA,0
Bridal Shop,Bridal Shops,44819000_11101100_00000001
Broadcasting Radio & TV,Radio station (no antenna/tower),51511200_11102100_01000000
Buffet,OOA,0
Building Inspection,Building Inspection,54135000_47401100_00000000
Building Materials Dealer,OOA,0
Burial Caskets / Coffins / Shipping Cases Store,OOA,0
Bus Dealer,OOA,0
Business & Secretarial School,OOA,0
Business Association (Non Profit),Business non profit,81391000_11203300_01000000
Business School or College,OOA,0
"Butane, Propane or other Liquified Gas Sales",OOA,0
Cable or Subscription Television Companies,OOA,0
Cable or Subscription TV Company,OOA,0
Cafeteria,OOA,0
Cake /Cookie Baker,Bakery shops,72251300_51301100_00000000
Cake Decorating Supplies Store,Hobby Supply Stores,45399800_11101100_00000005
Calligraphy,Graphic design,54143000_27102400_00000000
Camera Repair,Electronics (consumer) install & repair,81121100_49909900_00010000
Cameras & Photo Supplies Distributor,OOA,0
Candle Shop,Candle Shops,45399800_11101100_00000002
Candy Distributor without Cooking,OOA,0
Candy or Confectionery Store (Without Cooking),Candy & Confectionery Stores,44529200_11101100_00000001
Cannabis Dispensary,OOA,0
Car Leasing,OOA,0
Car Rental,OOA,0
Car Wash – Full Service,OOA,0
"Cards, Stationary & Office Supplies","Gift, Greeting Card Novelty, & Souvenirs",45322000_11101100_00000004
Career Coach,Life/career/executive coaching,54161100_11101100_00000000
Carpentry Services,Carpentry (interior only),23835000_47203100_01000100
Carpet or Upholstery Cleaning,"Carpet, rug, furniture, or upholstery cleaning (customer’s premises only)",56174000_51601100_00010000
"Carpets, Rugs & Floor Covering Store",Floor Covering Stores,44221000_11101100_00000000
Casino,OOA,0
Casino Transportation,OOA,0
Caterer,Catering services,72232000_11101100_00000000
Cattle Feedlots,OOA,0
Cattle Ranching and Farming,OOA,0
Ceiling or Wall Installation – Metal,OOA,0
Cell Phones Store,Cell Phone stores,44314200_11101100_00000002
Cemeteries – Associated with a church,OOA,0
Cemeteries – Independent for Profit,OOA,0
Ceramics,Sculptor,71151000_89990100_00000000
Ceramics School,"Training (business, vocational or life skills)",61169900_13115100_01000000
Chambers of Commerce,Chamber of commerce,81391000_11915100_00000000
Charitable Organization,Charitable foundation,81321100_11203300_00000000
Charter Bus,OOA,0
Chicken Egg Production,OOA,0
Child Day Car Center (Not for Profit),OOA,0
Child Day Care Center (For Profit),OOA,0
Child Overnight Camps,OOA,0
Chimney Cleaning,Chimney construction & maintenance,23814000_47202100_02000000
Chiropractors,Chiropractor,62131000_29101100_00000000
Church Supplies Store,Church Supply Stores,42349000_11101100_00000000
Churches,OOA,0
Churches & other Houses of Worship,OOA,0
Citrus Groves,OOA,0
Civic Association (Non Profit),Civic non profit,81391000_11203300_02000000
Claims Adjusters: Independent or Public,Claims adjusting,52429100_13103100_00000000
Cleaning Exterior Building Surfaces,Exterior cleaning services,56179000_37201900_02000200
Clock Store,Clock Stores,44831000_11101100_00000001
Clothing Distributor – Infants & Childrens Wear,OOA,0
Clothing Distributor – Ladies & Girls,OOA,0
Clothing Distributor – Men’s & Boy’s Clothing,OOA,0
Clothing Store – Infants and Childrens,Children's & Infants Clothing Stores,44813000_11101100_00000000
Clothing Store – Maternity,Maternity Shops,44812000_11101100_00000001
Clothing Store – Mens & Boys,Men's Clothing Stores,44811000_11101100_00000000
Clothing Store – Sports,Sports Apparel & Accessories Stores,44819000_11101100_00000005
Clothing Store – Uniform,Uniform Stores,44819000_11101100_00000006
Clothing Store – Womens and Girls,Women's Clothing Stores,44812000_11101100_00000002
"Clowns, Magicians, Entertainers (Excluding Bands)",Artists,71151000_27101000_00000000
"Club – Country, Golf, Fishing or Yacht",OOA,0
"Club – Tennis, Racquetball, Handball (Indoor)",OOA,0
"Clubs – Civic, Service or Social – No Owned or Leased Building except Offices Purposes",OOA,0
"Clubs – Civic, Service or Social – Owned or Leased Building",OOA,0
Coastal and Great Lakes Transportation,OOA,0
Coffee & Tea Supplies Distributor,OOA,0
Coffee & Tea Supplies Store,Coffee & Tea Stores,44529900_11101100_00000004
Coffee Shop,Coffee shops,72251500_11101100_03000000
"Coin, Stamp / Rare Book Dealers",Used Merchandise Stores,45331000_11101100_00000000
Collection Agencies,OOA,0
"Colleges, Universities and Professional Schools",OOA,0
"Commercial Air, Rail, Water Transportation Equipment Rental and Leasing",OOA,0
Commercial Art School,OOA,0
Commercial Printing,Commercial Printing - Lithography,32311100_51511200_01000000
Commodity Brokers,Stock brokering,52312000_41303100_00000000
Communication / Computer Cabling – Installation,Cabling installation,23821000_49905200_01000000
Community Centers / Youth Centers,OOA,0
Commuter Rail Systems,OOA,0
Compliance Consultant,Business consulting,54161100_13111100_01000000
Computer and Electronic Equipment Distributor,OOA,0
Computer and Electronic Software Distributor,OOA,0
Computer Consulting,IT consulting,54169000_15129900_00000000
Computer Hardware Installation / Repair,Computer & Office Equip Repair & Maintenance,81121200_49201100_01000000
Computer Operator & Data Processing School,OOA,0
Computer Repair Training School,OOA,0
Computer Retail Store,Appliance/electronic stores,44314100_11101100_00000001
Computer Software Training School,OOA,0
Concrete Contractor,Concrete contractor,23839000_47205100_00000000
Consumer Electronics Repair,Electronics (consumer) install & repair,81121100_49909900_00010000
Continuing Education Programs,"Training (business, vocational or life skills)",61169900_13115100_01000000
Contractors Mobile Equipment Dealer,OOA,0
Control Systems Integration / Automation,Control systems integration/automation,54151200_51916200_00000000
Convenience Store (With Gasoline Sales),OOA,0
Convenience Store (No Gasoline Sales),OOA,0
Convention and Trade Show Organizers,OOA,0
Cookie Shop,Bakery shops,72251300_51301100_00000000
Cooking School,OOA,0
Corporate Trainer,"Training (business, vocational or life skills)",61169900_13115100_01000000
Correctional Institutions,OOA,0
Correspondence School,"Training (business, vocational or life skills)",61169900_13115100_01000000
"Cosmetic Sales (Avon, Mary Kay, etc)",OOA,0
Cosmetics & Toiletries Distributor,OOA,0
Cotton Ginning,OOA,0
Counseling & Referral Services (Not for Profit),Mental health counseling,62133000_21101400_00000000
"Courier (legal documents, packages, etc)",Delivery service providers,49221000_11101100_00000000
Court Reporters,Court reporting,56149200_27309200_00000000
Court Reporting School,OOA,0
Courtesy Shuttle,OOA,0
Courts,OOA,0
Craft / Hobby Supplies Distributor,OOA,0
Credit Bureaus,OOA,0
Credit Debt Counseling (Non Profit),Credit counseling,54199000_13207100_00000000
Credit Union,OOA,0
Crematory / Mortuary,Funeral homes,81221000_11101100_00000000
Crude Petroleum and Natural Gas Extraction,OOA,0
Custodial Services,OOA,0
Custom Computer Programmer,Computer programming services,54151100_15125100_01000000
Custom Harvester,OOA,0
Dairy Farmer,OOA,0
Dairy Products Distributor,OOA,0
Dairy Products Stores,"Dairy, Eggs, & Ice Cream Stores",44529900_11101100_00000005
Dance Instructor,OOA,0
Dance Studios or Fine Art School,OOA,0
Dance Therapist,Dance therapy,62134000_29112500_02000000
Data Processing,Data processing,51821000_13119900_02000000
Day Spa,Day/beauty spas,81219900_39500000_00000000
Debris Removal – Construction Site,OOA,0
Deep Sea Transportation,OOA,0
Delicatessen,Delis and Delicatessens,72251300_11101100_01000000
Dental Labs,Dental Laboratories,33911600_29201100_00000000
Dentist,Dentists Office,62121000_29102100_00000000
Deodorizing & Disinfecting Services,Janitorial/cleaning services,56172000_37201100_01000000
Desktop Publishing,Publishers - Software,51121000_15125200_02000000
Dialysis Center,OOA,0
Dietitian,Diet/nutrition services,81219100_29103100_00000000
Digital Marketing / Advertising Agency,Advertising,54181000_41301100_00000000
Diner,OOA,0
Direct Marketing,Direct marketing,54186000_13116100_00000000
Disabled Person Transportation,OOA,0
Disc Jockey,OOA,0
Doctors,Physicians Office,62111100_29122900_10000000
Document Preparation,Document preparation,56141000_23101200_00000000
Document Storage,OOA,0
Dog Walker,Pet sitting,81291000_39202000_06000000
Donut Shop,Donut shops,72251300_11101100_02000000
Door / Window Installation,Door or window installation and repair,23835000_47203100_02000300
Draftsmen,Draftsman (including CAD/CAM),54134000_17301900_01000000
Drain Cleaning,Plumbing (residential or domestic),23822000_47215200_00010000
Drama Therapist,Drama therapy,62134000_29112500_03000000
Drapery Distributor,OOA,0
Drilling Oil and Gas Wells,OOA,0
Drive-In Motion Picture Theaters,OOA,0
Driveaway Contractor or Wrecker Service,OOA,0
"Driveway, Parking Lot or Sidewalk Paving and Repaving",Driveway or sidewalk paving/repaving,23899000_47409100_00000000
Drug / Convenience Stores,Drug Stores,44611000_11101100_00000000
Drywall Installation,Drywall or wallboard installation and repair (including framing),23813000_17510000_01000000
E-Cigarettes or Vape Store,OOA,0
Editorial Service – Proofreader,Document preparation,56141000_23101200_00000000
Education Consulting,Education consulting,54161100_13111100_02000000
Educational / School Supplies Distributor,OOA,0
EEG Technician / Technologist,OOA,0
Electrical Equipment Distributor,OOA,0
Electrical Repair (Auto),OOA,0
Electrical Supplies Distributor,OOA,0
Electrical Work,Electrical work (interior only),23821000_47211100_01000100
Electronic Auctions,OOA,0
Electronics Store,Appliance/electronic stores,44314100_11101100_00000001
Embroidery,Tailors & seamstress,81149000_51605200_00000000
Emergency or Public Livery Dealer,OOA,0
Employment Agency,Recruiting (employment placements),56131100_13107100_00000000
Energy Consulting,Environmental consulting,54162000_13111100_00000000
Energy Efficiency Consultant / Green Building Verifier,Environmental consulting,54162000_13111100_00000000
Engineering Services,Engineering,54133000_17219900_01000000
Engraving,Artists,71151000_27101000_00000000
"Equipment, Fixtures & Supplies for Bars, Hotels, etc",OOA,0
Event Planner,Event planning/promotion,81299000_13112100_00000000
Exam Preparation and Tutoring,Learning center - test prep,61169100_25304100_02000000
Excavation,Demolition and excavation,23891000_17940000_01000000
Executive and Legislative Offices,OOA,0
Executive Coaching,Life/career/executive coaching,54161100_11101100_00000000
Executive Search Services,Executive placement,56131200_13107100_00000000
Expediting Service,OOA,0
Exterior Insulation Finishing Systems (EIFS),Exterior finishing & siding (EIFS),23839000_49909900_03000000
Exterminating and Pest Control Services,OOA,0
Fabric Distributor,OOA,0
Fabric Store,Fabric Stores,45113000_11101100_00000001
Faith Based Counselor,OOA,0
Family Planning Clinic,OOA,0
Farm and Garden Machinery and Equipment Wholesalers,OOA,0
Farm Hand,OOA,0
Farm Labor Contractors and Crew Leaders,OOA,0
Farm Machinery and Equipment Manufacturing,OOA,0
Farm Management Services,OOA,0
Farm Supplies Merchant Wholesalers,OOA,0
Farmer,OOA,0
Fats and Oils Refining and Blending,OOA,0
Fence Distributor,OOA,0
Fence Installation,Fence installation and repair,23899000_47403100_00000000
Fertilizer Manufacturing,OOA,0
Financial Planners and Registered Investment Advisor,Investment advice,52393000_13205200_02000000
First Aid / CPR Training,First aid and CPR training,61169900_21109100_00000000
Fishery,OOA,0
Fitness and Recreational Sports Centers,OOA,0
Fitness Instructor,Personal training (health and fitness),61169900_29909100_01000000
Flight Training,OOA,0
Floor Covering Distributor,OOA,0
Floor Covering Installation,Floor covering installation (no ceramic tile/stone),23833000_47204200_01000000
Floor Waxing,Janitorial/cleaning services,56172000_37201100_01000000
Floriculture Production,OOA,0
Florist Distributor,OOA,0
"Florist, Flower Shop",Florists,45311000_27102300_00000000
Food Bank / Soup Kitchens,OOA,0
Food Service Contractor,OOA,0
Food Truck / Trailer,Food truck/trailer operator,72233000_11101100_03000000
Food Vendor / Concession Stand,Mobile food services,72233000_11101100_10000000
For-Hire Trucking Operations,OOA,0
Forestry and Logging,OOA,0
Forestry Consulting,OOA,0
Forging and Stamping,OOA,0
Foster Care Center,OOA,0
Foundries,OOA,0
Frame or Unibody Straightening,OOA,0
Freight Forwarders,OOA,0
Fruits & Vegetables – Frozen Manufacturing,OOA,0
Fuel Conversion,OOA,0
Fundraising Consulting,Strategy consultant,54161100_13111100_07000000
Funeral Directors,Funeral homes,81221000_11101100_00000000
Furniture Distributor,OOA,0
Furniture or Fixtures Installation,Furniture and fixture installation,23839000_49909900_01000000
Furniture Store,Home furnishing stores,44229900_11101100_00000007
Furniture Store - Office,Furniture  & Fixture Stores,44211000_11101100_00000001
Gambling Industries,OOA,0
Game Preserve,OOA,0
Game Puzzles Vendor,OOA,0
"Garbage, Ash or Refuse Collecting",OOA,0
Gasoline Station – Full Service,OOA,0
Gasoline Station – Self Service,OOA,0
Genealogy / Heritage Consulting,Other consulting services,54161100_13111100_05000000
General Contractor,General Contractor - Construction and installation only,23622000_15420000_01000000
General Merchandise Store,General Merchandise Stores,45231900_11101100_00000001
Geophysical Surveying and Mapping Services,OOA,0
Geothermal Electric Power Generation,OOA,0
Gifts Distributor,OOA,0
Gifts or Collectibles (i.e. Greeting Card Store),"Gift, Greeting Card Novelty, & Souvenirs",45322000_11101100_00000004
Glass / Glazier,Glass installation and repair (no auto work),23815000_47212100_01000000
"Glass Distributor – Window, Plate & Mirror",OOA,0
"Glassware, Ceramics, Pottery & China Distributor",OOA,0
Golf Cart Dealer,OOA,0
Gourmet & Specialty Food Shop,Gourmet Food Stores,44529900_11101100_00000006
Grading of Land,Land grading services,23891000_37301900_00000000
Grain and Field Bean Merchant Wholesalers,OOA,0
Grant Coordinator,OOA,0
Grantmaking and Giving Services,OOA,0
Graphic Designer,Graphic design,54143000_27102400_00000000
Greenhouse,OOA,0
Grocery Distributor,OOA,0
Grocery Store,"Grocery Stores < 15,000 sq ft",44511000_11101100_00000000
Group Homes,OOA,0
Guided Tours,OOA,0
Gutter Cleaning,Gutter & downspout work,23817000_47221100_00000000
Gym / Physical Fitness Center,OOA,0
Hair and Beauty Salons,Beautician/cosmetology services,81211200_39501200_00000000
Handicap Vehicle Modification,OOA,0
Handicrafts – excluding manufacturing / distribution of candles made by individuals,Artists,71151000_27101000_00000000
Handwriting / Document Analysis,Expert witness services,54119900_19409200_00000000
Handyman,Handyperson (no roof work),23839000_49907100_01000000
Hardware & Tool Distributor,OOA,0
Hardware or Home Improvement Store,Hardware Store,44413000_11101100_00000000
"Harvesting, Crop",OOA,0
Health and Beauty Products Store,"Cosmetic, Beauty Supply & Perfume Stores",44612000_11101100_00000000
Health Care Centers (Non Profit),OOA,0
Health Education,OOA,0
Heating & Air Conditioning Distributor,OOA,0
Heating & Air Conditioning Installation,Heating and air conditioning installation and repair (no liquefied petroleum gas (LPG)),23822000_49902100_02000000
"Heavy Truck (over 26,000 GWV)",OOA,0
"Heavy Truck (under 26,000 GWV) Dealer",OOA,0
"Highway, Street and Bridge Construction",OOA,0
Historical Sites,OOA,0
Historical Societies,Civic non profit,81391000_11203300_02000000
"Hobby & Model Supplies, excluding explosives & propellants",Hobby Supply Stores,45399800_11101100_00000005
Home Health (Medical),OOA,0
Home Health Aide / Caregiver (Non-Medical),Home health aide,62161000_31112100_01000000
Home Inspection,OOA,0
Horses and other Equine Production,OOA,0
Horticulturalist,OOA,0
Hospices / Caregivers / Home Companions,Home health aide,62161000_31112100_01000000
Hospital,OOA,0
Hosting Sellers,IT project management,54169000_15119900_00000000
Hotels and Motels,OOA,0
Hotels and Motels - with Limited Cooking Restaurant,OOA,0
Hotels and Motels - with pools or beaches,OOA,0
Hotels and Motels - without pools or beaches,OOA,0
House Cleaning,Janitorial/cleaning services,56172000_37201100_01000000
House Furnishings,Home furnishing stores,44229900_11101100_00000007
House Furnishings Installation,Furniture and fixture installation,23839000_49909900_01000000
Household Appliances Distributor,OOA,0
"Household Products (Amway. Fuller Brush, etc)",OOA,0
"Housewares, Home Décor, Window Treatments or Art Store",Home furnishing stores,44229900_11101100_00000007
Human Resources Consulting,Human Resources (HR) consulting,54161200_11312100_00000000
Hunter,OOA,0
HVAC and Refrigeration,Heating and air conditioning installation and repair (no liquefied petroleum gas (LPG)),23822000_49902100_02000000
Hypnotherapist,Hypnosis,62133000_19303900_01000000
Ice Cream Shop,Ice Cream Shops,72251500_11101100_07000000
Ice Cream Truck,Ice cream truck operator,72233000_11101100_06000000
Ice Dealer & Distributor,OOA,0
Individual Musicians – Excluding Bands,OOA,71151000_27101000_00000000
Industrial Laundries,OOA,0
Industrial Supplies Merchant Wholesalers,OOA,0
Information Search Retrieval,IT consulting,54169000_15129900_00000000
Inland Water Transportation,OOA,0
Insulation Work - Organic,Insulation installation,23817000_17610000_00000000
Insulation Work – Plastic,Insulation installation,23817000_17610000_00000000
Insurance Funds,OOA,0
Insurance Inspector,Insurance inspector,52429800_13103100_02000000
Interior Decorator,Interior decorator,54141000_27102500_01000100
Interior Design,Interior design,54141000_27102500_02000100
Internet Search / Index Tools Provider,IT project management,54169000_15119900_00000000
Inventory Control Specialist,Strategy consultant,54161100_13111100_07000000
Investment Company,OOA,0
IT Consulting & Project Management,IT project management,54169000_15119900_00000000
IT Staffing (Staffing other than IT is ineligible),Information Technology Staffing,56132000_15129900_00000000
IT Training,IT software/hardware training services,61142000_13115100_00000000
Janitorial Services (Commercial),Janitorial/cleaning services,56172000_37201100_01000000
Janitorial Services (Residential),Janitorial/cleaning services,56172000_37201100_01000000
Janitorial Supply Distributor,OOA,0
Jet Skis Dealer,OOA,0
Jewelry Distributor,OOA,0
Jewelry Store,Jewelry Stores,44831000_11101100_00000002
Juice Bar,Juice bars,72251500_11101100_08000000
Junior Colleges,OOA,0
"Justice, Public Order and Safety Activities",OOA,0
Kennels – Pet Boarding,Kennels (Boarding),81291000_39202000_01000000
Kitchen Accessories Distributor,OOA,0
Kitchen Accessories Store,Kitchen Accessories Stores,44229900_11101100_00000008
Kitchen Exhaust Hood Cleaning,HVAC contractor,23822000_49902100_03000000
Lamps & Lighting Fixtures,OOA,0
Lamps & Lighting Fixtures Distributor,OOA,0
Lamps & Lighting Fixtures Store,Lamps & Lighting Fixtures Stores,44229900_11101100_00000010
Landscape Architect,Landscape architect,54132000_17101200_00000000
Landscape Design & Installation,Landscaping/gardening services,56173000_37301100_01000000
Language Learning Center,Learning center,61169100_25304100_01000000
Language Learning Center (Franchise),Learning center,61169100_25304100_01000000
Laser Eye Surgery Center,OOA,0
Laundry & Dry Cleaning – Pick-up Station,OOA,0
Laundry & Dry Cleaning – Self Service / Coin Operated,OOA,0
Laundry & Dry Cleaning – Stores & Plants,OOA,0
Lawn Care,Lawn care services,56173000_37301100_02000000
Lawn Irrigation / Sprinkler System Installation,Plumbing (residential or domestic),23822000_47215200_00010000
Lawyers,Legal services,54111000_23101100_03000000
Leather Goods Distributor,OOA,0
Legislative Bodies,OOA,0
Libraries and Archives,Library,51912000_11101100_00000000
Life & Health Insurance Agents,Insurance agent,52421000_41302100_00000000
Life Sciences / Research & Development,Life science consulting,54169000_11912100_01000000
Limousine,OOA,0
Linen Supply,OOA,0
Linen Supply Services,OOA,0
Linotyping,Commercial Printing - Prepress Services,32312000_51511100_01000000
Lithographing,Commercial Printing - Prepress Services,32312000_51511100_01000000
Livestock Farm,OOA,0
Livestock Merchant Wholesalers,OOA,0
Livestock Production,OOA,0
Loan Origination Service,OOA,0
Local Messengers and Local Delivery,Delivery service providers,49221000_11101100_00000000
Locksmiths,Locksmiths,56162200_49909400_00000000
LRO – Automobile Service Occupancy,OOA,0
LRO – Business or Personal Services Occupancy,OOA,0
LRO – Contractors Occupancy,OOA,0
LRO – Food Processors Occupancy,OOA,0
LRO – Manufacturers NOC Occupancy,OOA,0
LRO – Metal Manufacturing Occupancy,OOA,0
LRO – Office Occupancy,OOA,0
LRO – Plastic Manufacturing Occupancy,OOA,0
LRO – Restaurant Occupancy,OOA,0
LRO – Retail Occupancy,OOA,0
LRO – Shopping Center (Less than 10 Stores),OOA,0
LRO – Shopping Center (10 or More Stores),OOA,0
LRO – Technology Manufacturing Occupancy,OOA,0
LRO – Wholesaler Occupancy,OOA,0
Luggage Distributor,OOA,0
Luggage or Leather Goods Store,Leather Goods Stores,44832000_11101100_00000001
Lyft,OOA,0
Mail Order House – Books (Not Publishing or Printing),OOA,0
Mail Order House – Cheese,OOA,0
Mail Order House – Clothing – Men’s,OOA,0
Mail Order House – Clothing – Women’s,OOA,0
Mail Order House – Computer Software & Peripheral Equipment,OOA,0
Mail Order House – Fruit,OOA,0
Management Consulting,Management consulting,54161100_13111100_04000000
Manufacturer’s Representative,Manufacturer sales representative,42512000_41401200_00000000
Manufacturer’s Representative - Excluding Products,Manufacturer sales representative,42512000_41401200_00000000
Manufacturer’s Representative - High Products Exposure,Manufacturer sales representative,42512000_41401200_00000000
Manufacturer’s Representative - Low Products Exposure,Manufacturer sales representative,42512000_41401200_00000000
Manufacturing – Bakery Products,OOA,0
Manufacturing – Candies and Confectionery,OOA,0
Manufacturing – Canned and Bottled Soft Drinks and Carbonated Waters,OOA,0
"Manufacturing – Canned Fruits, Vegetables, Preserves, Jams and Jellies",OOA,0
Manufacturing – Cannery,OOA,0
"Manufacturing – China, Porcelain, Pottery or E-Ware",OOA,0
Manufacturing – Chocolate and Cocoa Products,OOA,0
Manufacturing – Clocks and Clock Parts,OOA,0
Manufacturing – Cloth Luggage,OOA,0
"Manufacturing – Clothing, Children’s Wear",OOA,0
"Manufacturing – Clothing, No Children’s Wear",OOA,0
Manufacturing – Coffee,OOA,0
Manufacturing – Commercial Air Conditioning,OOA,0
Manufacturing – Commercial Electrical Appliance & Accessories,OOA,0
Manufacturing – Commercial Refrigeration Equipment,OOA,0
Manufacturing – Countertops,OOA,0
"Manufacturing – Creamery, Butter",OOA,0
Manufacturing – Dairy Products,OOA,0
Manufacturing – Doors and Windows,OOA,0
Manufacturing – Drapery and Shades,OOA,0
"Manufacturing – Drapery Hardware, Window Blinds and Shades",OOA,0
"Manufacturing – Dried and Dehydrated Fruits, Vegetables and Soup Mixes",OOA,0
"Manufacturing – Dry Food Products, Frying",OOA,0
"Manufacturing – Dry Food Products, Non-Frying",OOA,0
"Manufacturing – Dry, Condensed or Evaporated Milk",OOA,0
Manufacturing – Electrical Signs,OOA,0
Manufacturing – Eyeglass Lenses,OOA,0
Manufacturing – Flavored Extracts and Syrups,OOA,0
Manufacturing – Fluid Milk,OOA,0
"Manufacturing – Fruit Drink, Soda, Carbonated Water – Glass Container",OOA,0
"Manufacturing – Fruit Drink, Soda, Carbonated Water – Plastic Container",OOA,0
"Manufacturing – Fruit or Vegetable Juice, Frozen",OOA,0
"Manufacturing – Fruit or Vegetable Juice, Paper Container or Carton",OOA,0
Manufacturing – Glassware,OOA,0
Manufacturing – Ice Cream and Frozen Desserts,OOA,0
Manufacturing – Industrial Patterns,OOA,0
Manufacturing – Jewelry,OOA,0
Manufacturing – Kit Cars or Other Auto,OOA,0
Manufacturing – Lamp Shades,OOA,0
Manufacturing – Lighting Fixtures,OOA,0
"Manufacturing – Meat Prepared Products, Airtight Packaging",OOA,0
"Manufacturing – Meat Prepared Products, Frozen",OOA,0
Manufacturing – Media Duplication,OOA,0
"Manufacturing – Metal Goods – Auto Stamping Fenders, Hubcaps and Body Parts",OOA,0
"Manufacturing – Metal Goods – Bolts, Nuts and Rivets",OOA,0
Manufacturing – Metal Goods – Cold Stamping Component Parts,OOA,0
Manufacturing – Metal Goods – Cutlery and Flatware,OOA,0
"Manufacturing – Metal Goods – Cutting, Machine or Measuring Tools",OOA,0
"Manufacturing – Metal Goods – Dies, Jigs and Fixtures",OOA,0
"Manufacturing – Metal Goods – Doors, Sashes, and Frames",OOA,0
Manufacturing - Metal Goods – Electrical Parts and Components Accessories,OOA,0
Manufacturing – Metal Goods – Fabricated Pieces,OOA,0
Manufacturing – Metal Goods – Fabricated Wire Products and Wire Shelves,OOA,0
"Manufacturing – Metal Goods – Fasteners, Buttons, Needles, and Pins",OOA,0
Manufacturing – Metal Goods – Furniture Assembly,OOA,0
Manufacturing – Metal Goods – Gardening or Hand Tools,OOA,0
Manufacturing – Metal Goods – Musical Instruments,OOA,0
Manufacturing – Metal Goods – Plumbing Fixtures,OOA,0
Manufacturing – Metal Goods – Screw Machine Products,OOA,0
Manufacturing – Metal Goods – Sheer Metal Work and Ducts,OOA,0
Manufacturing – Metal Goods – Signs,OOA,0
Manufacturing – Microbreweries and Other Malt Beverages,OOA,0
Manufacturing – Molds,OOA,0
Manufacturing – Molds and Industrial Patterns,OOA,0
"Manufacturing – Natural, Processed and Imitation Cheese",OOA,0
"Manufacturing – Nuts and Seeds, Salted and Roasted",OOA,0
"Manufacturing – Office and Store Fixtures, Partitions, and Shelves",OOA,0
Manufacturing – Office Machines,OOA,0
Manufacturing – Pasta,OOA,0
Manufacturing – Pickled Fruits and Vegetables or Sauces and Seasonings,OOA,0
"Manufacturing – Plastic Goods – Electrical Parts, Components or Accessories",OOA,0
Manufacturing – Plastic Goods – Eyeglasses Lenses,OOA,0
Manufacturing – Plastic Goods – Other Finished Products,OOA,0
Manufacturing – Prepared Meals and Desserts,OOA,0
Manufacturing – Research & Development,OOA,0
Manufacturing – Residential Air Conditioning,OOA,0
Manufacturing – Residential Electrical Appliances and Accessories,OOA,0
Manufacturing – Residential Refrigeration Equipment,OOA,0
Manufacturing – Vending Machines,OOA,0
Manufacturing – Venetian and Vertical Blinds,OOA,0
Manufacturing – Vinyl Signs,OOA,0
Manufacturing – Wood Furniture and Assembly,OOA,0
Manufacturing – Wood Musical Instruments,OOA,0
Manufacturing – Wood Products,OOA,0
Manufacturing – Wooden Signs,OOA,0
Marina,OOA,0
Marine Cargo Handling,OOA,0
Market Survey and Research,Market research,54191000_13116100_00000000
Marketing Consulting,Marketing/media consulting,54161300_13116100_03000000
Marriage and Family Therapist,Marriage and family therapy,62419000_21101300_00000000
Masonry,Masonry work,23814000_47205100_00000000
Massage Therapist,Massage therapy,62139900_31901100_00000000
Materials Recovery Facilities,OOA,0
Mausoleum – For Profit,OOA,0
Mausoleum – Not for Profit,OOA,0
"Meat, Fish & Poultry Distributor",OOA,0
"Meat, Fish & Poultry Store",Meat & Poultry  Markets,44521000_11101100_00000002
Mediator,OOA,0
Medical and Dental Assistants and Technicians,Dental Hygienist,62139900_29129200_00000000
Medical Billing,Medical billing,54121900_43302100_00000000
Medical Offices – Other,Physicians Office,62111100_29122900_10000000
Medical Spa,OOA,0
Medical Staffing,OOA,0
Medical Transportation,OOA,0
"Medical, Hospital and Surgical Equipment and Supplies Distributor (Excl Products)",OOA,0
Mental Health Counselor,Mental health counseling,62133000_21101400_00000000
Metal Goods Manufacturing Shop – Decorative or Artistic,Metal fabrication,33299900_34990000_01000000
Metal Goods Manufacturing – Wire & Nails,OOA,0
Metal Installation – Decorative,Sheet metal work (exterior),23816000_47221100_00000200
Metal Job Shop – Component Parts Only,OOA,0
Metal Polishing & Finishing Component Parts,OOA,0
Metal Workshop – Load & Non-Load Bearing,OOA,0
"Mining, Quarrying, Oil & Gas Extraction",OOA,0
Mixed Mode Transit Systems,OOA,0
Mobile Auto Repair / Roadside Assistance,OOA,0
Mobile Bartender,OOA,0
Mobile Home (non-motorized) Dealer,OOA,0
Mobile Pet Grooming,Pet Grooming Services - Mobile,81291000_39202000_04000000
Model,OOA,0
Modeling School,OOA,0
Monogramming,Tailors & seamstress,81149000_51605200_00000000
Mortgage Brokers,Mortgage brokering/banking,52231000_13207200_00000000
Motion Picture and Video Production,OOA,0
Motion Picture Theaters (except drive-ins),OOA,0
"Motorcycle, ATV, Scooter, Snowmobile Dealer",OOA,0
Museums,OOA,0
Music Therapist,Music therapy,62134000_29112500_04000000
"Music, Books, Video, or Media Store",Book & Magazine Stores,45121100_11101100_00000000
Musical Instruments Distributor,OOA,0
Musical Instruments Store,Musical Instrument & Supplies Stores,45114000_11101100_00000001
"Nail Salon, Nail Technician",Nail technician services,81211300_39509200_00000000
Natural Gas Distribution,OOA,0
Natural Gas Liquid Extraction,OOA,0
Nature Parks and Other Similar Institutions,OOA,0
Navigational Services to Shipping,OOA,0
New Car Dealership,OOA,0
Newspaper or Magazine Distributor,OOA,0
Newspaper or Magazine Stands,Book & Magazine Stores,45121100_11101100_00000000
Nightclub,OOA,0
Nonferrous Forging,OOA,0
Nonferrous Metal Die-Casting Foundries,OOA,0
Nonmetallic Mineral Mining and Quarrying,OOA,0
Notary Public,Notary services,54112000_23209900_00000000
Nurse,OOA,0
Nursery (Flower / Garden),Nursery & Garden Centers - Retail,44422000_11101100_00000002
Nursing Home,OOA,0
Nutritionist,Diet/nutrition services,81219100_29103100_00000000
Occupational Therapist,Occupational therapy,62134000_29112200_00000000
"Office Equipment, Supplies or Stationary Store",Office Machinery/Equipment,53242000_11101100_00000000
Office Furniture Distributor,OOA,0
Office Machine Equipment & Supplies Distributor,OOA,0
Office Machine Repair,Computer & Office Equip Repair & Maintenance,81121200_49201100_01000000
Office of Bank Holding Companies,OOA,0
Oil / Lube Service,OOA,0
Oil and Gas Field Machinery and Equipment Manufacturing,OOA,0
Oil and Gas Pipeline and Related Structures Construction,OOA,0
Online Retailer NOC,OOA,0
Ophthalmic Goods Wholesaler,OOA,0
Ophthalmologist,Optometrist/Opthalmologist,62132000_29104100_00000000
Optical Goods Distributor,OOA,0
Optical Goods Store,Optometrist/Opthalmologist,62132000_29104100_00000000
Optician,Optometrist/Opthalmologist,62132000_29104100_00000000
Optometrist,Optometrist/Opthalmologist,62132000_29104100_00000000
Orchard,OOA,0
Organic Consulting,Environmental consulting,54162000_13111100_00000000
Outsourcing,OOA,0
Packaged Foods – Frozen,OOA,0
"Packaged Foods – Meat, Fish & Poultry",OOA,0
Packaged Foods – Specialty & Gourmet,OOA,0
Packaged Foods – Other,OOA,0
Packaging and Labeling Services,Packaging services,56191000_53706400_00000000
Packing and Crating,OOA,0
"Paint, Varnish and Supplies Merchant Wholesalers",OOA,0
"Paint, Wall Coverings and Wallpaper Store",Paint & Wallpaper Stores,44412000_11101100_00000000
"Paint, Wallpaper & Wall Coverings Distributor",OOA,0
Painting,Painting (interior only),23832000_47214100_00000100
Paper & Paper Products Distributor,OOA,0
Paralegal,Legal services,54111000_23101100_03000000
Parking Lot & Driveway Sweeping,Exterior cleaning services,56179000_37201900_02000200
Parole Offices and Probation Offices,OOA,0
Party Supplies Store,Party Goods Stores,45322000_11101100_00000005
Passenger Transportation (for a fee),OOA,0
Pastry Shop,Bakery shops,72251300_51301100_00000000
Pay Telephone Provider,OOA,0
Permanent Yard Contractors,OOA,0
Personal Assistant,Personal concierge/assistant,81299000_39601200_00000000
Personal Chef,OOA,0
Personal Image Consultant,Public relations,54182000_27303100_03000000
Personal Trainer,Personal training (health and fitness),61169900_29909100_01000000
Pet / Animal Assisted Therapy,OOA,0
Pet Grooming,Pet grooming,81291000_39202000_03000000
Pet Sitter,Pet sitting,81291000_39202000_06000000
Pet Supplies Distributor,OOA,0
Pet Supplies Store,Pet supply store,45391000_11101100_00000000
Pet Training,Pet Training,81291000_39201100_00000000
Petrochemical Manufacturing,OOA,0
Petroleum and Coal Products Manufacturing,OOA,0
Petroleum and Petroleum Products Merchant Wholesalers,OOA,0
Petroleum Bulk Stations and Terminals,OOA,0
Petroleum Lubricating Oil and Grease Manufacturing,OOA,0
Petroleum Refineries,OOA,0
Pets or Pet Supplies,OOA,0
Pharmaceutical and Medicine Manufacturing,OOA,0
Pharmaceutical Preparation Manufacturing,OOA,0
Pharmacies and Drug Stores,OOA,0
Phlebotomist,OOA,0
Photocopying & Blueprinting,Copy Shops,56143900_43907100_01000000
Photographic Equipment Store,Camera & Photo Equipment Stores,44314200_11101100_00000001
Photography Studio,Photography,54192100_27402100_01000000
Physical Therapists,Physical therapy,62134000_29112300_00000000
Physician,Physicians Office,62111100_29122900_10000000
Physiotherapists,Physical therapy,62134000_29112300_00000000
Piano & Organ Stores,Piano & Organ Stores,45114000_11101100_00000002
Picture Frames Stores,Framing Shops,44229900_11101100_00000006
Pipeline Transportation,OOA,0
Pizza Delivery Shop,Pizza Parlors & Delis - No Table Service,72251300_11101100_04000000
Pizzeria,Pizza Parlors & Delis - No Table Service,72251300_11101100_04000000
Plastering or Stucco Work,Plastering or stucco work,23831000_47208100_02000000
Plastic & Rubber Supply Goods Distributor,OOA,0
Plowing (crops),OOA,0
Plumbing,Plumbing (residential or domestic),23822000_47215200_00010000
Plumbing Fixtures or Supply Store,Hardware Store,44413000_11101100_00000000
Plumbing Supplies & Fixtures Distributor,OOA,0
Podiatrist,Podiatrist,62139100_29108000_00000000
Police Protection,OOA,0
Political Club,OOA,0
Pool Supplies Store,OOA,0
Port and Harbor Operations,OOA,0
Postal Service,OOA,0
Postharvest Crop Activities (except cotton ginning),OOA,0
Pottery Stores,Other stores (without food/drinks),45399800_11101100_00000007
Poultry Farmer,OOA,0
Poultry Hatcheries,OOA,0
Poultry Production,OOA,0
Practical Nursing School,OOA,0
Prepaid Calling Card Vendor (no machines),OOA,0
"Preparatory, Academy or Military Academy School",OOA,0
Pressure / Power Washing,Power washing services,56179000_37201900_01000000
Pretzel Stores (no frying),Bakery shops,72251300_51301100_00000000
Printers – Copying & Duplicating,Copy Shops,56143900_43907100_01000000
Printing,Book Printing,32311700_51511200_00000000
Printing – Screen Printing,Screen printing,32311300_51511200_00000000
Prisoner Transportation,OOA,0
"Private Academic School (not elementary, jr. high or high school)",OOA,0
"Private Elementary, Middle or Jr. High School",OOA,0
Private High School,OOA,0
Private Mail Centers,Mail Box & Packaging Services,56143100_53706400_00000000
Process Server,Process server,54119900_23209900_00000000
Produce Broker,OOA,0
Produce Distributor,OOA,0
Produce Farmer,OOA,0
Produce Stores (not open air),Fruit & Vegetable Markets,44522000_11101100_00000000
Professional Associations (non-profit),Professional non profit,81391000_11203300_03000000
Professional Employer Organizations,OOA,0
Professional Organizations,OOA,0
Project Manager (architecture or engineering),Agency construction manager,54133000_11902100_01000000
"Promoters of Performing Arts, Sports and Similar Events",OOA,0
Property & Casualty Insurance Agents,Insurance agent,52421000_41302100_00000000
Property Managers,Property management,53131100_11914100_00000000
Property Preservation,OOA,0
Psychiatrist,Psychiatrists Offices,62111200_29122300_00000000
Psychologist,Mental health counseling,62133000_21101400_00000000
Public Finance Activities,OOA,0
Public Relations,Public relations,54182000_27303100_03000000
Public Speaker,"Training (business, vocational or life skills)",61169900_13115100_01000000
Publisher with Printing,Publishing (including printing),51119900_51511300_01000000
Publishing Offices (No Printing Operations),Book publishing (no printing),51113000_51511300_01000000
Racetracks,OOA,0
"Radio, TV Distributor",OOA,0
Radiology Labs,Diagnostic imaging/X-ray centers,62151200_29201100_00000000
Railroads,OOA,0
Ranch Hand,OOA,0
Rancher,OOA,0
Reading Learning Center,Learning center,61169100_25304100_01000000
Reading Learning Center (Franchise),Learning center,61169100_25304100_01000000
Reading Programs,OOA,0
Real Estate & Insurance School,OOA,0
Real Estate Agent / Broker,Real estate agent/broker,53121000_41902100_00000000
Real Estate Appraisers,Real estate appraisers,53132000_13202300_00000000
Recreation Club (non-profit),OOA,0
Recreational Goods Rental,OOA,0
Recreational Therapist,Dance therapy,62134000_29112500_02000000
Recreational Vehicle Dealers,OOA,0
Recruiting,Executive placement,56131200_13107100_00000000
Refrigerated Goods,OOA,0
Refrigeration Equipment Distributor,OOA,0
Registered Agent,OOA,0
Rehabilitation Counselor,Substance abuse counseling,62419000_21101100_00000000
"Religious – Elementary, Middle or Jr. High School",OOA,0
Religious Articles & Church Supplies Distributor,OOA,0
Religious High School,OOA,0
Religious School (Not Operated by Churches),OOA,0
Remediation Services,Remediation contractor,56291000_17990000_00000000
Repossession Services,OOA,0
Research Consulting,Research consulting,54169000_13111100_00000000
Residential Rental Property Owner,OOA,0
Restaurant – Drive In,Limited Service Restaurant With Alcohol,72251100_11101100_00000000
Restaurant – Fast Food,Limited Service Restaurant With Alcohol,72251100_11101100_00000000
Restaurant – Fine Dining,OOA,0
Restaurant – Full Service,OOA,0
Restaurant / Store Fixture & Supply Distributor,OOA,0
Restaurant Operation School,OOA,0
Resume Typing Service,Resume consulting,54161100_13111100_06000000
Rideshare,OOA,0
Risk Management and Insurance Consulting,Business consulting,54161100_13111100_01000000
Roofing,Roofing contractor,23816000_17610000_00000000
Rooming and Boarding Houses,OOA,0
Rubber Stamp Business,OOA,0
Rust Proofing,OOA,0
RV (Recreational Vehicle) Parks and Campgrounds,OOA,0
Sandwich Shop,Sandwich Shops,72251300_11101100_05000000
Satellite Technician,Communication equipment installation (cable/satellite),23821000_49905200_02000000
Scenic and Sightseeing Transportation,OOA,0
School Guidance Counselor,OOA,0
School Supplies Store,School Supplies Stores,45321000_11101100_00000002
Scrapbooking,Artists,71151000_27101000_00000000
Secretarial School,OOA,0
Security Guards and Patrol Services,OOA,0
Semi-Trailer (5th Wheel Coupler) Dealer,OOA,0
Senior Activities Center (non-medical),OOA,0
Senior Citizen Transportation,OOA,0
Septic Tank Systems – Cleaning,OOA,0
"Septic Tank Systems Installation, Service or Repair",OOA,0
Sewer Cleaning,OOA,0
Sewing Machine Store,Sewing Machine Stores,44311100_11101100_00000000
Sheet Metal Work,Sheet metal work (exterior),23816000_47221100_00000200
Ship and Boat Building,OOA,0
Shoe Distributor,OOA,0
Shoe Repair,Footwear & leather goods repair,81143000_51604100_00000000
Shoe Store,Shoe Stores,44821000_11101100_00000000
Siding Installation,Siding installation (< 3 stories),23817000_47203100_01000000
Sightseeing Tours,OOA,0
Sign Installation,OOA,0
Sign Painting,Sign painting and lettering (interior only),54189000_51912300_00000100
Sign Stores – No Flammable Ink Printing,OOA,0
Skiing Facilities,OOA,0
Sleep Disorder,OOA,0
Smartphone / Mobile Phone / Tablet Application Development,Application development,54151900_15125100_00000000
Smoothie Shop,Smoothie bars,72251500_11101100_13000000
Snack Bar,"Snack, Nonalcoholic Beverages Stands",72233000_11101100_15000000
Snow Plowing / Ice Removal,Snow blowing and removal (no auto coverage),56179000_37301100_01000000
Social Media / Social Networking,Social media consultant,54161300_13116100_05000000
Social Worker,Social work services,62419000_21102900_00000000
Software / Internet Design,Software development,54151900_15125200_01000000
Software Development,Software development,54151900_15125200_01000000
Soil Preparation Services,OOA,0
Solar Electric Power Generation,OOA,0
Solar Panel Cleaning,Solar energy installation & repair,23821000_47223100_00000000
Space Research and Technology,OOA,0
Special Needs Transportation,OOA,0
Specialty Wine & Liquor Store,Beverage Store - Beer and Wine,44531000_11101100_00000000
Speech Pathologist / Therapist,Speech therapy,62134000_29112700_00000000
Speech therapist (non-profit),Speech therapy,62134000_29112700_00000000
Sporting Goods Distributor (No Firearms / Ammunition),OOA,0
Sporting Goods Store,OOA,0
Sports Teams / Club,OOA,0
Stationery Supplies,OOA,0
Steak House,OOA,0
Stenciling,Graphic design,54143000_27102400_00000000
Stock Brokers,Stock brokering,52312000_41303100_00000000
Street Cleaning,OOA,0
Substance Abuse Counselor,Substance abuse counseling,62419000_21101100_00000000
Suicide Hotline or Prevention Center,OOA,0
Sunglass Distributor,OOA,0
Surveying,Land surveyor,54137000_17102200_00000000
Swimming Pool Cleaning & Maintenance,Swimming pool contractor,23899000_17990100_00000000
Swimming Pool Installation & Repair,Swimming pool contractor,23899000_17990100_00000000
Tailors,Tailors & seamstress,81149000_51605200_00000000
Takeout Eating Places,Limited Service Restaurant With Alcohol,72251100_11101100_00000000
Talent Agency,Talent agency,71141000_13101100_00000000
Tattoo Parlor / Artist,OOA,0
Tax Preparers,Tax preparation,54121300_13208200_00000000
Taxi (Amish),OOA,0
Taxi – Airport,OOA,0
Taxi – Non-Emergency Medical Transportation,OOA,0
Taxi – Rural,OOA,0
Taxi Service,OOA,0
Taxidermist,Taxidermists,71151000_27101900_00000000
Technical Writer,OOA,0
Technical Writing,OOA,0
Technical Service Provider,IT project management,54169000_15119900_00000000
Telecommunications Consulting,Telecommunications consulting,54161800_13111100_02000000
Telemarketing Offices,Telemarketer,56142200_41904100_00000000
Telephone Call Centers,OOA,0
Telephone Distributor,OOA,0
Telephone Equipment Installation w/Office Only,Telecom installation,23821000_49905200_03000000
Theater Companies and Dinner Theaters,OOA,0
Thrift Store,Used Merchandise Stores,45331000_11101100_00000000
Ticket Broker,Ticket agency,56159900_43418100_00000000
Tile / Stone / Marble / Mosaic / Terrazzo Installation,"Tile, stone, marble, mosaic, or terrazzo work (interior only)",23834000_47204400_00000100
Timber Tract Operations,OOA,0
Tire Dealers – New (No Used),OOA,0
"Tire Dealers – Used, Retreads or Split Rims",OOA,0
Title Abstractors,Title abstracter,54119100_23209300_00000000
Title Agents / Closing Agents,OOA,0
Tobacco Distributor,OOA,0
Tobacco Shop,OOA,0
Toner Cartridge Recharging,Office Equipment Repair and Maintenance,81121200_49201100_03000000
Towing,OOA,0
Toy Store,OOA,0
TPA / Pension Planners,OOA,0
Trade Association (non-profit),Trade Association non profit,81391000_11203300_04000000
Trade School,OOA,0
Traffic Management Consulting,Health and Safety Engineer,54133000_17211100_00000000
"Trailer (Utility, and Horse Trailers) Dealer",OOA,0
Trailer Hitch Installation or Repair,OOA,0
Translators,Translating/interpreting,54193000_27309100_00000000
Transmission Repair,OOA,0
Transportation – Passengers (At No Charge),OOA,0
Transportation for Elderly Persons (For Hire),OOA,0
Trapper,OOA,0
Travel Agents,Travel agency,56151000_41304100_00000000
Tree Trimming,Tree removal,56173000_37301100_04000000
Trophies and Awards Store,Trophy Stores,45399800_11101100_00000008
Trophy Distributor,OOA,0
Trucker – Agriculture Hauling,OOA,0
Trucker – Coal Hauling,OOA,0
Trucker – Debris Removal,OOA,0
"Trucker – Dirt, Sand and Gravel",OOA,0
Trucker – Escort Vehicles,OOA,0
Trucker – Expediters,OOA,0
Trucker - Fracking Sand,OOA,0
Trucker - Fracking Water (fresh or production),OOA,0
Trucker – Garbage & Trash,OOA,0
Trucker – General Freight,OOA,0
Trucker – Hazardous Materials Hauling,OOA,0
Trucker – Hotshot Transport,OOA,0
Trucker – Household Goods Mover,OOA,0
Trucker – Livestock Hauling,OOA,0
Trucker – Loads with Placards,OOA,0
Trucker – Logging,OOA,0
Trucker – Machinery & Heavy Equipment,OOA,0
Trucker – Mobile Home Toter,OOA,0
Trucker – Oilfield Materials,OOA,0
Trucker – Scrap Metal / Scrap Auto,OOA,0
Tune-up / Emission Testing,OOA,0
Tutor,Tutoring,61169100_25309900_00000000
Tuxedo Rental,Formal Wear & Costume Rental,53228100_11101100_00000000
Uber,OOA,0
Upholstering Shop,Upholstery work,81142000_51609300_00000000
Upholstery / Sunroof Work,OOA,0
Urban Transit Systems,OOA,0
Used Car Dealership,OOA,0
Used Household and Office Goods Moving,OOA,0
Vacuum Cleaner Sales & Service,Vacuum Cleaner Sales & Service,44314100_11101100_00000003
Valet Parking,OOA,0
Van Conversion,OOA,0
Vehicle Impound Yards,OOA,0
Vehicle Welding,OOA,0
Vending Machine Operator,OOA,0
Venetian Blind Cleaning,Janitorial/cleaning services,56172000_37201100_01000000
Video or DVD Rental Store,Video Tapes & Disc Rental,53228200_11101100_00000000
Video Production and Editing Studio,OOA,0
Videography & Photography – Freelance,Photography,54192100_27402100_01000000
Vineyard,OOA,0
Vinyl / Leather Repair,OOA,0
Vision Centers (Opticians & Optometrists),Optometrist/Opthalmologist,62132000_29104100_00000000
Visitor Bureau,OOA,0
Vitamins Store,OOA,0
Vocational Workshops (Not for Profit),"Training (business, vocational or life skills)",61169900_13115100_01000000
Warehousing and Storage,OOA,0
Waste Collection,OOA,0
Waste Combustors and Incinerators,OOA,0
Waste Landfill,OOA,0
Waste Management and Remediation Services,OOA,0
Waste Treatment and Disposal,OOA,0
"Watch, Clock & Jewelry Repair",Clock making and repair,81149000_49906400_00000000
Water and Sewer Line and Related Structures Construction,OOA,0
"Water, Sewage and Other Systems",OOA,0
Website Development / Online Advertising (SEO & SEM) / Online Media,Website design,54151200_15125400_00000000
Website Hosting / ASP / SaaS / Data Center / Cloud Services,"Data Processing Services,",51821000_15121100_00000000
Wedding Chapels,OOA,0
Wedding Consulting,Event planning/promotion,81299000_13112100_00000000
Welding,Welder,81131000_76920000_00000000
Wellness Counselor,Life/career/executive coaching,54161100_11101100_00000000
Wig Store,Wigs & Toupees Stores,44815000_11101100_00000004
Window Cleaning,Window cleaning (nothing above 15 feet),56172000_37201100_02000000
Window Tinting,OOA,0
Window Treatment Stores,Window Treatment Stores,44229100_11101100_00000002
Windshield Installation / Repair,OOA,0
Wine Bar,OOA,0
Winery,OOA,0
Word Processing,Document preparation,56141000_23101200_00000000
X-Ray or Imaging Laboratory,Medical Laboratories,62151100_29201100_00000000
Zoos and Botanical Gardens,OOA,0
Farmer's market - vegetable stand,Fruit & Vegetable Markets,44522000_11101100_00000000
Remodeling contractor and construction,Renovation contractor,23611800_15310000_00000000
Commercial and institutional building construction,General Contractor - Construction and installation only,23622000_15420000_01000000
Computer Networking Cable Installation,Communication equipment installation (cable/satellite),23821000_49905200_02000000
Asphalt paving contractors,Driveway or sidewalk paving/repaving,23899000_47409100_00000000
Driveway paving,Driveway or sidewalk paving/repaving,23899000_47409100_00000000
Concrete driveway or parking area construction,Driveway or sidewalk paving/repaving,23899000_47409100_00000000
Framing contractors,Framing contractor,23813000_17510000_02000000
Roof truss (wood) installation,Roofing contractor,23816000_17610000_00000000
General contractor,General Contractor - Construction and installation only,23622000_15420000_01000000
Masonry Contractor (<25% hiring subs),Masonry work,23814000_47205100_00000000
Masonry or stonework general contractor and construction,Masonry work,23814000_47205100_00000000
Stucco and plastering contractors,Plastering or stucco work,23831000_47208100_02000000
Concrete block laying,Concrete contractor,23839000_47205100_00000000
Hardscaping contractor,Landscaping/gardening services,56173000_37301100_01000000
"Stonework masonry contractor, exterior only",Masonry work,23814000_47205100_00000000
Bricklaying contractors,Masonry work,23814000_47205100_00000000
"Fireplace, masonry, installation, chimney",Chimney construction & maintenance,23814000_47202100_02000000
Glass and Glazing Contractor,Glass & glazing contractor/window contractor/glazier,23815000_47212100_02000000
Glass Tinting - Buildings,Glass & glazing contractor/window contractor/glazier,23815000_47212100_02000000
Roofing contractors,Roofing contractor,23816000_17610000_00000000
Siding contractors,Siding installation (< 3 stories),23817000_47203100_01000000
Gutter Installation,Gutter & downspout work,23817000_47221100_00000000
Siding Contractor  (<25% hiring subs),Siding installation (< 3 stories),23817000_47203100_01000000
"Metal or steel installation, decorative",Sheet metal work (exterior),23816000_47221100_00000200
Electrician electrical,Electrical work (interior only),23821000_47211100_01000100
Low voltage electrical work,Electrical work (interior only),23821000_47211100_01000100
Cable television hookup contractors satellite fiber,Communication equipment installation (cable/satellite),23821000_49905200_02000000
Solar panel installation,Solar energy installation & repair,23821000_47223100_00000000
Audio equipment installation (except automotive) contractors,Audio/video installation,23821000_49209700_01000000
Telecommunications equipment and wiring (except transmission,Communication equipment installation (cable/satellite),23821000_49905200_02000000
Computer and network cable installation,Cabling installation,23821000_49905200_01000000
Communication equipment installation,Communication equipment installation (cable/satellite),23821000_49905200_02000000
"Burglar alarm system, electric, installation only",Security system installation,56162100_49209800_00000000
"Fire alarm system, electric, installation only",Security system installation,56162100_49209800_00000000
Electrical Contractor (<25% hiring subs),Electrical work (interior only),23821000_47211100_01000100
Home automation system installation,Electrical work (interior only),23821000_47211100_01000100
Fiber optic cable installation,Cabling installation,23821000_49905200_01000000
Home theater installation home entertainment,Home theater installation,81121100_49209700_00000000
"Surveillance system, installation only",Security system installation,56162100_49209800_00000000
Intercommunication (intercom) system installation,Electrical work (interior only),23821000_47211100_01000100
Handyman home repair facility facilities maintenance,Handyperson (no roof work),23839000_49907100_01000000
"Heating, ventilation and air-conditioning (HVAC) contractors",Heating and air conditioning installation and repair (no liquefied petroleum gas (LPG)),23822000_49902100_02000000
Plumbers plumbing,Plumbing (residential or domestic),23822000_47215200_00010000
HVAC Contractor ( <25% hiring subs),Heating and air conditioning installation and repair (no liquefied petroleum gas (LPG)),23822000_49902100_02000000
Bathroom plumbing fixture and sanitary ware installation,Plumbing (residential or domestic),23822000_47215200_00010000
Plumbing and heating contractors,Heating and air conditioning installation and repair (no liquefied petroleum gas (LPG)),23822000_49902100_02000000
"Duct work (e.g., cooling, dust collection, exhaust, heating,",Heating and air conditioning installation and repair (no liquefied petroleum gas (LPG)),23822000_49902100_02000000
Septic tank system installation repair,Demolition and excavation,23891000_17940000_01000000
Plumbing Contractor  (<25% hiring subs),Plumbing (residential or domestic),23822000_47215200_00010000
Fire sprinkler system installation,Fire system installation & sprinkler services,23822000_47215200_00030000
Lawn sprinkler system installation,Plumbing (residential or domestic),23822000_47215200_00010000
Duct work cleaning ,Heating and air conditioning installation and repair (no liquefied petroleum gas (LPG)),23822000_49902100_02000000
Air-conditioning system (except window) installation,Heating and air conditioning installation and repair (no liquefied petroleum gas (LPG)),23822000_49902100_02000000
Central air-conditioning equipment installation AC HVAC,Heating and air conditioning installation and repair (no liquefied petroleum gas (LPG)),23822000_49902100_02000000
Central heating equipment and piping installation,Heating and air conditioning installation and repair (no liquefied petroleum gas (LPG)),23822000_49902100_02000000
Heating equipment installation,Heating and air conditioning installation and repair (no liquefied petroleum gas (LPG)),23822000_49902100_02000000
Water Softening and Purification Systems Installation,Plumbing (residential or domestic),23822000_47215200_00010000
Commercial freezer installation refrigerator fridge refriger,Refrigeration system install & repair,81141200_49902100_00000000
"Sprinkler system, building, installation",Fire system installation & sprinkler services,23822000_47215200_00030000
Kitchen sink and hardware installation,Plumbing (residential or domestic),23822000_47215200_00010000
Chilled water system installation,Plumbing (commercial or industrial),23822000_47215200_00020000
Fuel oil burner installation,Heating and air conditioning installation and repair (no liquefied petroleum gas (LPG)),23822000_49902100_02000000
"Drain, waste and vent system installation",Plumbing (commercial or industrial),23822000_47215200_00020000
Drywall contractors (Hanging/Finishing),Drywall/wallboard installation & repair (no framing/EIFS/external insulation/structural work),23831000_47208100_01000000
Drywall contractors (Finishing Only),Drywall/wallboard installation & repair (no framing/EIFS/external insulation/structural work),23831000_47208100_01000000
"Blown-in insulation (e.g., cellulose, vermiculite) installat",Interior finishing work,23835000_47203100_03000100
Glass fiber insulation installation,Interior finishing work,23835000_47203100_03000100
Ceiling tile installation,Interior finishing work,23835000_47203100_03000100
"Fresco (i.e., decorative plaster finishing) contractors",Plastering or stucco work,23831000_47208100_02000000
Exterior insulation finish system installation,Exterior finishing & siding (EIFS),23839000_49909900_03000000
Painting (except roof) contractors,Painting (interior & exterior) less than 3 stories,23832000_47214100_00000300
House painting,Painting (interior & exterior) less than 3 stories,23832000_47214100_00000300
Painting and wallpapering,Painting (interior only),23832000_47214100_00000100
Wallpaper hanging and removal contractors,Painting (interior only),23832000_47214100_00000100
Paint and wallpaper stripping,Painting (interior only),23832000_47214100_00000100
Whitewashing contractors,Painting (interior & exterior) less than 3 stories,23832000_47214100_00000300
Paperhanging and removal contractors,Painting (interior & exterior) less than 3 stories,23832000_47214100_00000300
"Linoleum, installation only vinyl flooring",Floor covering installation (no ceramic tile/stone),23833000_47204200_01000000
"Carpet, installation only, flooring",Floor covering installation (no ceramic tile/stone),23833000_47204200_01000000
Hardwood flooring installation (incl. sanding or scraping,Floor covering installation (no ceramic tile/stone),23833000_47204200_01000000
"Hardwood flooring, installation only",Floor covering installation (no ceramic tile/stone),23833000_47204200_01000000
Resurfacing hardwood flooring,Floor covering installation (no ceramic tile/stone),23833000_47204200_01000000
Tile (except resilient) laying and setting,"Tile, stone, marble, mosaic, or terrazzo work (interior only)",23834000_47204400_00000100
"Marble, granite, and slate, interior installation contractor","Tile, stone, marble, mosaic, or terrazzo work (interior only)",23834000_47204400_00000100
Stone flooring installation,"Tile, stone, marble, mosaic, or terrazzo work (interior only)",23834000_47204400_00000100
Terrazzo and tile refinishing,"Tile, stone, marble, mosaic, or terrazzo work (interior only)",23834000_47204400_00000100
Finish carpentry,Interior finishing work,23835000_47203100_03000100
Interior Carpentry (no remodeling or framing),Carpentry (interior only),23835000_47203100_01000100
"Deck construction, residential-type",Carpentry (interior & exterior),23835000_47203100_01000300
Door and window frame construction,Carpentry (interior only),23835000_47203100_01000100
Built-in wood cabinets constructed on site,Carpentry (interior only),23835000_47203100_01000100
Window installation,Door or window installation and repair,23835000_47203100_02000300
Door / Window Contractor (<25% hiring subs),Door or window installation and repair,23835000_47203100_02000300
"Countertop, residential-type, installation",Counter top installation,23835000_47204400_00000000
Screen door or window screen installation,Door or window installation and repair,23835000_47203100_02000300
"Fabrication, metal cabinet or countertop, on site",Metal fabrication,33299900_34990000_01000000
"Concrete coating, glazing or sealing",Concrete contractor,23839000_47205100_00000000
"Office furniture, modular system, installation",Furniture and fixture installation,23839000_49909900_01000000
"Furniture system attachment and installation, house",Furniture and fixture installation,23839000_49909900_01000000
"Panel, metal, installation",Furniture and fixture installation,23839000_49909900_01000000
Window shade and blind installation,Window treatment installation,81149000_49909900_00000000
"Ceiling, metal, installation",Furniture and fixture installation,23839000_49909900_01000000
Bathtub refinishing or reglazing,Furniture and fixture installation,23839000_49909900_01000000
"Excavating, earthmoving, or land clearing contractors",Demolition and excavation,23891000_17940000_01000000
Demolition contractor,Demolition and excavation,23891000_17940000_01000000
Land grading contractor,Land grading Services,23891000_37301900_00000000
"Asphalting, residential and commercial driveway and parking ",Driveway or sidewalk paving/repaving,23899000_47409100_00000000
Fencing contractors (except electronic containment fencing f,Fence installation and repair,23899000_47403100_00000000
"Swimming pool, outdoor, construction",Swimming pool contractor,23899000_17990100_00000000
Chain link fence installation,Fence installation and repair,23899000_47403100_00000000
Patio construction,Renovation contractor,23611800_15310000_00000000
Bakery baked goods baking on premises,Bakery shops,72251300_51301100_00000000
Tailoring or Dressmaking - Custom,Tailors & seamstress,81149000_51605200_00000000
Shoe repair,Footwear & leather goods repair,81143000_51604100_00000000
Commercial printing and engraving,Other Commercial Printing Services,32311100_51511200_02000000
"Commercial printing, playing cards",Other Commercial Printing Services,32311100_51511200_02000000
Commercial screen printing,Screen printing,32311300_51511200_00000000
"Cards printing, stationery and letterpress",Other Commercial Printing Services,32311100_51511200_02000000
Engraver / engraving service,Other Commercial Printing Services,32311100_51511200_02000000
Radio and television broadcasting and wireless communication,Radio station (no antenna/tower),51511200_11102100_01000000
Clock manufacturing and repair,Clock making and repair,81149000_49906400_00000000
Dental Laboratories,Dental Laboratories,33911600_29201100_00000000
Auto Parts and Supply Store,Automotive Parts & Accessories Stores,44131000_11101100_00000000
"Furniture and appliance stores (i.e., primarily retailing fu",Home furnishing stores,44229900_11101100_00000007
Rug stores,Home furnishing stores,44229900_11101100_00000007
Housewares stores,Home furnishing stores,44229900_11101100_00000007
Custom picture frame shops,Framing Shops,44229900_11101100_00000006
Household appliance stores,Appliance/electronic stores,44314100_11101100_00000001
"Appliance stores, household-type",Appliance/electronic stores,44314100_11101100_00000001
"Cellular phone sales, service, and repair",Cell Phone stores,44314200_11101100_00000002
Computer store,"Computer, Equipment & Software Retail",44314200_11101100_00000003
Electronics store,Appliance/electronic stores,44314100_11101100_00000001
"Record store, music, CD","Record, CD, Music & Tape Stores",44314200_11101100_00000006
Home centers,Home Centers,44411000_11101100_00000000
Paint stores,Paint & Wallpaper Stores,44412000_11101100_00000000
Hardware stores,Hardware Store,44413000_11101100_00000000
Lighting store,Lamps & Lighting Fixtures Stores,44229900_11101100_00000010
Mobility equipment store,Health & Personal Care Stores,44619100_11101100_00000000
Grocery store,"Grocery Stores < 15,000 sq ft",44511000_11101100_00000000
Grocery store specialty food market health food,Specialty Food Stores,45111000_11101100_00000000
Fruit and vegetable markets,Fruit & Vegetable Markets,44522000_11101100_00000000
Delicatessens,Delis and Delicatessens,72251300_11101100_01000000
Meat retailer,Butcher Shops,44521000_51302200_00000000
Butcher shops,Butcher Shops,44521000_51302200_00000000
"Tea and coffee retailer, packaged",Coffee & Tea Stores,44529900_11101100_00000004
Soft drink retailer,Beverage Stores - Soft Drinks,44529900_11101100_00000001
"Liquor stores, package",Beverage Store - Beer and Wine,44531000_11101100_00000000
"Wine shops, speciality",Beverage Store - Beer and Wine,44531000_11101100_00000000
"Beer stores, packaged",Beverage Store - Beer and Wine,44531000_11101100_00000000
"Wine shops, packaged",Beverage Store - Beer and Wine,44531000_11101100_00000000
Drug store / Pharmacy - no food,Drug Stores,44611000_11101100_00000000
Drug store / Pharmacy - sells food,Drug Stores,44611000_11101100_00000000
Beauty supply stores,"Cosmetic, Beauty Supply & Perfume Stores",44612000_11101100_00000000
Optical goods store,Health & Personal Care Stores,44619100_11101100_00000000
"Food (i.e., health) supplement stores, vitamin store",Health & Personal Care Stores,44619100_11101100_00000000
All other health and personal care stores,Health & Personal Care Stores,44619100_11101100_00000000
Clothing store adult,Clothing/apparel stores,44819000_11101100_00000002
Clothing store children infant,Children's & Infants Clothing Stores,44813000_11101100_00000000
Women's clothing stores,Women's Clothing Stores,44812000_11101100_00000002
Clothing accessories stores,Clothing/apparel stores,44819000_11101100_00000002
Other clothing stores,Other Clothing Stores,44814000_11101100_00000002
Shoe stores,Shoe Stores,44821000_11101100_00000000
"Jewelry stores, precious",Jewelry stores,44831000_11101100_00000002
Watch shops,Watch Stores,44831000_11101100_00000003
Luggage stores,Luggage Stores,44832000_11101100_00000002
"Kitchenware store, retail",Kitchen Accessories Stores,44229900_11101100_00000008
Camera and photography equipment store,Camera & Photo Equipment Stores,44314200_11101100_00000001
"Footwear (e.g., bowling, golf, spiked), specialty sports, st",Shoe Stores,44821000_11101100_00000000
Hobby and model shop,Hobby Supply Stores,45399800_11101100_00000005
"Dry goods, fabrics, and yarn store","Piece Goods, Sewing & Needlework Stores",45113000_11101100_00000002
Musical instrument stores,Musical Instrument & Supplies Stores,45114000_11101100_00000001
Book stores bookstores,Book & Magazine Stores,45121100_11101100_00000000
News dealers and newsstands,Book & Magazine Stores,45121100_11101100_00000000
General stores,General Merchandise Stores,45231900_11101100_00000001
Variety stores,General Merchandise Stores,45231900_11101100_00000001
"Dollar stores, five and dime",General Merchandise Stores,45231900_11101100_00000001
Office supplies and stationery stores,Office Supplies & Stationery Stores,45321000_11101100_00000001
Gift Shop,"Gift, Greeting Card Novelty, & Souvenirs",45322000_11101100_00000004
Christmas stores,Christmas Stores,45322000_11101100_00000002
"Card shops, greeting","Gift, Greeting Card Novelty, & Souvenirs",45322000_11101100_00000004
"Clothing stores, used",Used Merchandise Stores,45331000_11101100_00000000
"Apparel stores, used clothing consignment, vintage clothing",Used Merchandise Stores,45331000_11101100_00000000
"Book stores, used",Used Merchandise Stores,45331000_11101100_00000000
"Consignment shops, used merchandise",Used Merchandise Stores,45331000_11101100_00000000
"Furniture stores, used",Used Merchandise Stores,45331000_11101100_00000000
"Appliance stores, household-type, used",Used Merchandise Stores,45331000_11101100_00000000
Pet and pet supply store,Pet supply store,45391000_11101100_00000000
Art galleries retailing art,Art Dealers or Galleries,45392000_11101100_00000000
"Flower shops, artificial or dried",Flower (Artificial) Stores,45399800_11101100_00000004
Church / religious supplies store,Church Supply Stores,42349000_11101100_00000000
Art supply stores,Hobby Supply Stores,45399800_11101100_00000005
Candle shops without manufacturing,Candle Shops,45399800_11101100_00000002
Department store,Home Centers,44411000_11101100_00000000
"House cleaning or laundry supplies, retail",Home Centers,44411000_11101100_00000000
Florist,Florists,45311000_27102300_00000000
"Retail store, other",Other stores (without food/drinks),45399800_11101100_00000007
Water delivery,Delivery service providers,49221000_11101100_00000000
Couriers and express delivery services,Delivery service providers,49221000_11101100_00000000
Messenger service,Delivery service providers,49221000_11101100_00000000
Public Library or Museum,Library,51912000_11101100_00000000
Mortgage or Loan Brokers,Mortgage brokering/banking,52231000_13207200_00000000
Investment banking and securities dealing,Stock brokering,52312000_41303100_00000000
Finance financial advisory,Investment advice,52393000_13205200_02000000
Asset management,Trustee services,52399100_23209900_00000000
"Financial or Investment planning, no travel",Investment advice,52393000_13205200_02000000
"Financial or Investment planning, with travel",Investment advice,52393000_13205200_02000000
Insurance agency / brokerage,Insurance agent,52421000_41302100_00000000
"Building, residential, rental or leasing property management",Property management,53131100_11914100_00000000
Apartments/ Townhome management,Property management,53131100_11914100_00000000
Property managers,Property management,53131100_11914100_00000000
Real estate agent,Real estate agent/broker,53121000_41902100_00000000
Offices of real estate appraisers,Real estate appraisers,53132000_13202300_00000000
Formal wear and costume rental,Formal Wear & Costume Rental,53228100_11101100_00000000
Law offices lawyer's office law firm,Attorneys office,54111000_23101100_01000000
Title Agency,Title abstracter,54119100_23209300_00000000
Patent Agent,Legal services,54111000_23101100_03000000
Accounting & Auditing Services (CPA),Accounting,54121100_13201100_01000000
Tax Preparation and Bookkeeping,Tax preparation,54121300_13208200_00000000
Accounting & Auditing Services,Accounting,54121100_13201100_01000000
Accountants' (except CPAs) offices accounting,Accounting,54121100_13201100_01000000
Tax preparation prep,Tax preparation,54121300_13208200_00000000
Bookkeepers' offices,Bookkeeping,54121900_43303100_00000000
Medical coding services combined with accounting services (e,Accounting,54121100_13201100_01000000
Architect architectural engineering,Architecture,54131000_17101100_00000000
"Architects' private practices, landscape",Landscape architect,54132000_17101200_00000000
Drafting services,Draftsman (including CAD/CAM),54134000_17301900_01000000
Home inspection services building,Building inspection,54135000_47401100_00000000
Land surveyor,Land surveyor,54137000_17102200_00000000
"Decorating consulting services, interior home improvement",Interior design,54141000_27102500_02000100
Interior Decorators,Interior decorator,54141000_27102500_01000100
Home staging decorating,Interior decorator,54141000_27102500_01000100
Graphic design without printing services,Graphic design,54143000_27102400_00000000
Graphic design with printing services,Graphic design,54143000_27102400_00000000
Software development IT web computer technology consulting -,IT consulting,54169000_15129900_00000000
Web design computer software digital,Website design,54151200_15125400_00000000
Computer systems design services,Computer programming services,54151100_15125100_02000000
Administrative management and general management consulting ,Management consulting,54161100_13111100_04000000
Marketing consulting services,Marketing/media consulting,54161300_13116100_03000000
Other management consulting services,Management consulting,54161100_13111100_04000000
Advertising marketing agency,Advertising,54181000_41301100_00000000
Public relations agency,Public relations,54182000_27303100_03000000
Portrait photography services photo photographer video video,Photography,54192100_27402100_01000000
Photography studio photographer photography,Photography,54192100_27402100_01000000
Business consulting IT management,Business consulting,54161100_13111100_01000000
Event planning entertainment service,Event planning/promotion,81299000_13112100_00000000
Digital marketing internet social media online consulting cr,Digital marketing,54161300_13116100_02000000
Business management services,Business manager services,56149900_13101100_00000000
Administrative management services,Business manager services,56149900_13101100_00000000
Clerical and office work,Office administrative services,56111000_43601000_00000000
Travel agent,Travel agency,56151000_41304100_00000000
Notary public service,Notary services,54112000_23209900_00000000
Translation and interpretation interpreter services,Translating/interpreting,54193000_27309100_00000000
Office administration services,Office administrative services,56111000_43601000_00000000
Clerical work from home employees,Office administrative services,56111000_43601000_00000000
Office management services,Business manager services,56149900_13101100_00000000
Personal assistant,Office administrative services,56111000_43601000_00000000
Call Centers,Answering/paging services,56142100_43201100_00000000
Mailing or Addressing Companies,Direct marketing,54186000_13116100_00000000
Other business service centers,Office administrative services,56111000_43601000_00000000
Document print and copy service,Copy Shops,56143900_43907100_01000000
Locksmith,Locksmiths,56162200_49909400_00000000
Janitorial or custodial services commercial cleaning,Janitorial/cleaning services,56172000_37201100_01000000
Pressure wash power washing exterior window,Power washing services,56179000_37201900_01000000
Cleaning offices,Janitorial/cleaning services,56172000_37201100_01000000
House home residential cleaning maid service,Janitorial/cleaning services,56172000_37201100_01000000
"Housekeeping services (i.e., cleaning services)",Janitorial/cleaning services,56172000_37201100_01000000
residential cleaning janitorial custodial,Janitorial/cleaning services,56172000_37201100_01000000
Window cleaning services,Window cleaning (nothing above 15 feet),56172000_37201100_02000000
"Building cleaning services, interior",Janitorial/cleaning services,56172000_37201100_01000000
Rest room cleaning services,Janitorial/cleaning services,56172000_37201100_01000000
Landscaping services (except planning),Landscaping/gardening services,56173000_37301100_01000000
"Lawn care services (e.g., fertilizing, mowing, seeding, spra",Lawn care services,56173000_37301100_02000000
"Arborist or tree services (e.g., bracing, planting, pruning,",Arborist,56173000_37301100_03000000
Garden maintenance services,Landscaping/gardening services,56173000_37301100_01000000
Lawn mowing services,Lawn care services,56173000_37301100_02000000
Gardener gardening,Landscaping/gardening services,56173000_37301100_01000000
Interior landscaping services,Landscaping/gardening services,56173000_37301100_01000000
Cleaning carpets,"Carpet, rug, furniture, or upholstery cleaning (customer’s premises only)",56174000_51601100_00010000
Power washing building exteriors,Power washing services,56179000_37201900_01000000
"Cleaning building exteriors (except sandblasting, window cle",Exterior cleaning services,56179000_37201900_02000200
Gutter cleaning services,Gutter & downspout work,23817000_47221100_00000000
Chimney cleaning chimney sweep fireplace,Chimney construction & maintenance,23814000_47202100_02000000
Mail Box or Packaging,Mail Box & Packaging Services,56143100_53706400_00000000
Tutoring,Tutoring,61169100_25309900_00000000
"Physicians' (except mental health) offices (e.g., centers, c",Physicians Office,62111100_29122900_10000000
"Family physicians' offices (e.g., centers, clinics)",Physicians Office,62111100_29122900_10000000
"Surgeons' (except dental) offices (e.g., centers, clinics) s",Surgeons Offices,62111100_29124900_00000000
"Acupuncturists' (MDs or DOs) offices (e.g., centers, clinics",Acupuncture services,62139900_29129100_02000000
"Pediatricians' (except mental health) offices (e.g., centers",Pediatricians Offices,62111100_29122100_00000000
"Anesthesiologists' offices (e.g., centers, clinics) anesthes",Surgeons Offices,62111100_29124900_00000000
"Mental health physicians' offices (e.g., centers, clinics) c",Psychiatrists Offices,62111200_29122300_00000000
Dentist dental office,Dentists Office,62121000_29102100_00000000
Psychologist psychologist's offices,Psychology,62133000_19303300_00000000
Psychiatrist psychiatrists' offices,Psychiatrists Offices,62111200_29122300_00000000
Orthodontist Office,Dentists Office,62121000_29102100_00000000
Chiropractors Office,Chiropractor,62131000_29101100_00000000
Optometrists Office,Optometrist/Opthalmologist,62132000_29104100_00000000
Occupational or Speech therapist office,Occupational therapy,62134000_29112200_00000000
Physical therapist office,Physical therapy,62134000_29112300_00000000
Medical and diagnostic laboratories,Diagnostic imaging/X-ray centers,62151200_29201100_00000000
Home health agencies,Home health aide,62161000_31112100_01000000
"Nursing agencies, primarily providing home nursing services",Home health aide,62161000_31112100_01000000
Services for the elderly and persons with disabilities,Home health aide,62161000_31112100_01000000
Physical therapy,Physical therapy,62134000_29112300_00000000
Personal training trainer,Personal training (health and fitness),61169900_29909100_01000000
Limited-service restaurants,"Limited Service Restaurant With Alcohol <75% Of Total Receipts, w/o Dance Floor ",72251100_11101100_00000000
Caterers catering,Catering services,72232000_11101100_00000000
Mobile food concession stands food truck,Mobile food services,72233000_11101100_10000000
Street vendor food cart food vendor,Mobile street food vendor,72233000_11101100_13000000
"Family restaurants, limited service fast casual","Limited Service Restaurant With Alcohol <75% Of Total Receipts, w/o Dance Floor ",72251100_11101100_00000000
Fast-food restaurants fast food,"Limited Service Restaurant With Alcohol <75% Of Total Receipts, w/o Dance Floor ",72251100_11101100_00000000
"Restaurant, takeout Only","Limited Service Restaurant With Alcohol <75% Of Total Receipts, w/o Dance Floor ",72251100_11101100_00000000
Coffee/Donut/Bagel shop,Donut shops,72251300_11101100_02000000
Ice cream parlor,Ice Cream Shops,72251500_11101100_07000000
Electronic repair and maintenance,Electronics (consumer) install & repair,81121100_49909900_00010000
Consumer electronics repair and maintenance,Electronics (consumer) install & repair,81121100_49909900_00010000
Computer and office machine repair and maintenance,Computer & Office Equip Repair & Maintenance,81121200_49201100_01000000
Communication equipment repair and maintenance,Electronics (consumer) install & repair,81121100_49909900_00010000
Appliance repair customer premises,Appliance and accessories installation and repair,81141200_49909900_00000000
Appliance repair shop,Appliance and accessories installation and repair,81141200_49909900_00000000
Appliance repair and maintenance,Appliance and accessories installation and repair,81141200_49909900_00000000
Reupholstery and furniture repair,Upholstery work,81142000_51609300_00000000
Other personal and household goods repair and maintenance,Appliance and accessories installation and repair,81141200_49909900_00000000
Barber shops,Barber/hair stylist services,81211100_39501100_00000000
"Hair stylist shops, men's",Barber/hair stylist services,81211100_39501100_00000000
Beauty salons,Barber/hair stylist services,81211100_39501100_00000000
"Hair stylist salons or shops, unisex or women's hairstylist",Barber/hair stylist services,81211100_39501100_00000000
"Esthetician (i.e., skin care) services esthetics aestheticia",Esthetician services,81211200_39509400_00000000
Mobile haircutting/hair stylist,Barber/hair stylist services,81211100_39501100_00000000
Make-up (except permanent) salons,Beautician/cosmetology services,81211200_39501200_00000000
Nail salons,Nail technician services,81211300_39509200_00000000
Massage therapy,Massage therapy,62139900_31901100_00000000
Day spa wellness,Day/beauty spas,81219900_39500000_00000000
Tanning salon,Day/beauty spas,81219900_39500000_00000000
Sauna,Day/beauty spas,81219900_39500000_00000000
Funeral service or mortuary,Funeral homes,81221000_11101100_00000000
Men's and boys' clothing and accessory stores,Men's Clothing Stores,44811000_11101100_00000000
Pet grooming services,Pet grooming,81291000_39202000_03000000
Pet sitting services,Pet sitting,81291000_39202000_06000000
Kennels,Kennels (Boarding),81291000_39202000_01000000
Pet grooming services - Mobile,Pet grooming,81291000_39202000_03000000
dogwalking dog walker dogwalker,Pet sitting,81291000_39202000_06000000
Pet training services,Pet Training,81291000_39201100_00000000
Coaching service,Life/career/executive coaching,54161100_11101100_00000000
Wedding and event planning,Event planning/promotion,81299000_13112100_00000000
Life coach,Life/career/executive coaching,54161100_11101100_00000000
Other social advocacy organizations,Civic non profit,81391000_11203300_02000000
Civic and social organizations,Civic non profit,81391000_11203300_02000000
